<?xml version="1.0"?>
<Body><MRU Text="\s" ShortCut="F1"/><MRU Text="\L" ShortCut="F2"/><MRU Text="/cr/" ShortCut="F3"/><MRU Text="b5528EB95CE0100002DBEM" ShortCut="F4"/><MRU Text="b44" ShortCut="F5"/><MRU Text="b5528EB95CE0100002D44" ShortCut="F6"/><MRU Text="bBEm" ShortCut="F7"/><MRU Text="\l" ShortCut="F8"/><MRU Text="\h" ShortCut="F9"/><MRU Text="bCC" Name="" ShortCut="F10"/><MRU Text="28EB95CE0100002D" ShortCut="F11"/><MRU Text="55" ShortCut="F12"/><MRU Text="b" ShortCut="Umsch+F1"/><MRU Text="n" ShortCut="Umsch+F2"/><MRU Text="r" ShortCut="Umsch+F3"/><MRU Text="\f28" ShortCut="Umsch+F4"/><MRU Text="$" ShortCut="Umsch+F5"/><MRU Text="d" ShortCut="Umsch+F6"/><MRU Text="h" ShortCut="Umsch+F7"/><MRU Text="" ShortCut="Umsch+F8"/><Interface Port="1" Baud="9600" Flags="1" Data="8" RTS="-1" DTR="-1" Stop="sb1_0" Parity="paNone"/></Body>
