<?xml version="1.0"?>
<Body AppVersion="1"><Forms><Form Name="frmMainWindow" Left="-16" Top="0" Right="1054" Bottom="784" State="1" Flags="0"><Position Name="Min" Left="-1" Top="-1"/><Position Name="Max" Left="-1" Top="-1"/></Form></Forms><Script ReceiveTriggerType="0" ReceiveTriggerWaitTime="100" ReceiveTriggerChars="&#xA;" UseScript="0" UseReceiveScript="-1" ReceiveScriptName="D:\in_out\Downloads\_install\LKTerm\TestScripts\1w_temp.pas"/><General ScripPanelExpanded="0" vtSendWidth="327" PrefixMRU="&quot;&quot;" PostfixMRU="/lf/,,/cr//lf/" HideParams="-1" Dump="0" DumpStyle="1"><Receive ExecuteControlChar="-1" ExecuteCrLf="0" LocalEcho="0"/><MRUListCol Number="0" Width="60" Position="1"/><MRUListCol Number="1" Width="228" Position="2"/><MRUListCol Number="2" Width="70" Position="0"/></General><History/><SendMRU><MRU Text="sdcsdfsdsdfdasdfs"/><MRU Text="oPA3,1"/><MRU Text="oPA3,0"/><MRU Text="iPA3"/><MRU Text="b1"/><MRU Text="b111"/><MRU Text="b11"/><MRU Text="xaaaa"/><MRU Text="xaa"/><MRU Text="xa"/><MRU Text="x"/><MRU Text="Hallo"/><MRU Text="123456789"/><MRU Text="/cr/"/><MRU Text="b5528EB95CE0100002DBEm"/><MRU Text="b44"/><MRU Text="b5528EB95CE0100002D44" ShortCut="F1"/><MRU Text="bBEm" ShortCut="F2"/><MRU Text="\l" ShortCut="F4"/><MRU Text="\h" ShortCut="F5"/><MRU Text="bCC" Name="" ShortCut="F7"/><MRU Text="28EB95CE0100002D" ShortCut="F10"/><MRU Text="55" ShortCut="F11"/><MRU Text="b" ShortCut="F12"/><MRU Text="n" ShortCut="Umsch+F1"/><MRU Text="r" ShortCut="Umsch+F2"/><MRU Text="\f28" ShortCut="Umsch+F3"/><MRU Text="$" ShortCut="Umsch+F4"/><MRU Text="d" ShortCut="Umsch+F5"/><MRU Text="h" ShortCut="Umsch+F6"/><MRU Text="" ShortCut="Umsch+F7"/></SendMRU><Interface Port="3" Baud="19200" Flags="1" Data="8" RTS="-1" DTR="-1" Stop="sb1_0" Parity="paNone"/><RecentFilesReceive><RecentFile Name="D:\Tools\LKTerm\History\13-02-17-11-16-03.rtf"/><RecentFile Name="D:\Tools\LKTerm\History\13-02-17-11-14-23.rtf"/><RecentFile Name="D:\in_out\Downloads\_install\LKTerm\History\10-07-30-20-34-57.rtf"/><RecentFile Name="D:\in_out\Downloads\_install\LKTerm\History\10-07-30-20-34-22.rtf"/></RecentFilesReceive><RecentFilesMRU><RecentFile Name="D:\in_out\Downloads\_install\LKTerm\1w.xml"/></RecentFilesMRU></Body>
